alexandria, ghcr.io/ocicl/alexandria@sha256:e433c2e076ed3bcf8641b97b00192680db2201d305efac9293539dee88c7fbf7, alexandria-20240503-8514d8e/alexandria.asd
asdf-package-system, ghcr.io/ocicl/asdf-package-system@sha256:dfacc260786f4e9e2aa13a797a7b326b58e08ea5db778421a9985b9c67362df1, asdf-package-system-20240503-61776f2/asdf-package-system.asd
atomics, ghcr.io/ocicl/atomics@sha256:56c5604d3081173d5bb749d64a7952767eadbf9c2a6f9cc100583af9bd23c315, atomics-20250201-ff170cb/atomics.asd
atomics-test, ghcr.io/ocicl/atomics@sha256:56c5604d3081173d5bb749d64a7952767eadbf9c2a6f9cc100583af9bd23c315, atomics-20250201-ff170cb/atomics-test.asd
autoload, ghcr.io/ocicl/mgl-pax-bootstrap@sha256:aada4d6954810f471a03fec52c953865af5f382a1f1710f3e2aff44fd29ff41e, mgl-pax-20250613-99929c4/autoload/autoload.asd
babel, ghcr.io/ocicl/babel@sha256:b505136744213e6b953913780a4b647da40e83818a10f41004846863b5037810, babel-20240606-23c1440/babel.asd
babel-streams, ghcr.io/ocicl/babel@sha256:b505136744213e6b953913780a4b647da40e83818a10f41004846863b5037810, babel-20240606-23c1440/babel-streams.asd
babel-tests, ghcr.io/ocicl/babel@sha256:b505136744213e6b953913780a4b647da40e83818a10f41004846863b5037810, babel-20240606-23c1440/babel-tests.asd
bobbin, ghcr.io/ocicl/bobbin@sha256:7368d88e9f1d8a94b9bddf5e1887e384ef738235570142dd1cfe98c90077cc13, bobbin-20240503-b454e82/bobbin.asd
bordeaux-threads, ghcr.io/ocicl/bordeaux-threads@sha256:bbb32afe3987e102149cc019f4f7366a05f7a37d1503f5f86a27745e671c320a, bordeaux-threads-0.9.4/bordeaux-threads.asd
bt-semaphore, ghcr.io/ocicl/bt-semaphore@sha256:60e212f93b44b30dbb36f8d66a42b2b380d9ab0e7e226b74a258197f7f5d0eec, bt-semaphore-20240503-46b4bf3/bt-semaphore.asd
bt-semaphore-test, ghcr.io/ocicl/bt-semaphore@sha256:60e212f93b44b30dbb36f8d66a42b2b380d9ab0e7e226b74a258197f7f5d0eec, bt-semaphore-20240503-46b4bf3/bt-semaphore-test.asd
cffi, ghcr.io/ocicl/cffi@sha256:386698d4f568be8c321ca8f54247a8bf69222819c116c011d6ae53d80772f611, cffi-20250311-48eaef6/cffi.asd
cffi-examples, ghcr.io/ocicl/cffi@sha256:386698d4f568be8c321ca8f54247a8bf69222819c116c011d6ae53d80772f611, cffi-20250311-48eaef6/cffi-examples.asd
cffi-grovel, ghcr.io/ocicl/cffi@sha256:386698d4f568be8c321ca8f54247a8bf69222819c116c011d6ae53d80772f611, cffi-20250311-48eaef6/cffi-grovel.asd
cffi-libffi, ghcr.io/ocicl/cffi@sha256:386698d4f568be8c321ca8f54247a8bf69222819c116c011d6ae53d80772f611, cffi-20250311-48eaef6/cffi-libffi.asd
cffi-tests, ghcr.io/ocicl/cffi@sha256:386698d4f568be8c321ca8f54247a8bf69222819c116c011d6ae53d80772f611, cffi-20250311-48eaef6/cffi-tests.asd
cffi-toolchain, ghcr.io/ocicl/cffi@sha256:386698d4f568be8c321ca8f54247a8bf69222819c116c011d6ae53d80772f611, cffi-20250311-48eaef6/cffi-toolchain.asd
cffi-uffi-compat, ghcr.io/ocicl/cffi@sha256:386698d4f568be8c321ca8f54247a8bf69222819c116c011d6ae53d80772f611, cffi-20250311-48eaef6/cffi-uffi-compat.asd
chipz, ghcr.io/ocicl/chipz@sha256:fae0fae0c93199ba57c92d9102245a55c8a2c12af4442e0b141d5670bef4f2f0, chipz-20240503-6f80368/chipz.asd
chunga, ghcr.io/ocicl/chunga@sha256:a59ccb3d13992748c676b8e3263256850ee626f98ac59adece5a142967b6f558, chunga-20240919-5cd13fe/chunga.asd
cl-base64, ghcr.io/ocicl/cl-base64@sha256:702412dbc1ed825e275fb23e22c29527eb786bf644e47c7621bf0dbb34e17c7e, cl-base64-20240503-80496b7/cl-base64.asd
cl-base64-tests, ghcr.io/ocicl/cl-base64@sha256:702412dbc1ed825e275fb23e22c29527eb786bf644e47c7621bf0dbb34e17c7e, cl-base64-20240503-80496b7/cl-base64-tests.asd
cl-change-case, ghcr.io/ocicl/cl-change-case@sha256:07b51346796724d063c8d2515dd7c63f5e8a3a9c0017bc429b0d1313e257fd78, cl-change-case-1.0/cl-change-case.asd
cl-cookie, ghcr.io/ocicl/cl-cookie@sha256:85cd8aa7f1379d041fae9530609cd68d5214fb978bc87faa7fd9ad5ad7e08a83, cl-cookie-20240703-6bcb74a/cl-cookie.asd
cl-cookie-test, ghcr.io/ocicl/cl-cookie@sha256:85cd8aa7f1379d041fae9530609cd68d5214fb978bc87faa7fd9ad5ad7e08a83, cl-cookie-20240703-6bcb74a/cl-cookie-test.asd
cl-csv, ghcr.io/ocicl/cl-csv@sha256:01600afb8570e45cfd2e1486138c844b13d940a1070140ff9341f6ec98b8e9c6, cl-csv-20240127-2d64d41/cl-csv.asd
cl-csv-clsql, ghcr.io/ocicl/cl-csv@sha256:01600afb8570e45cfd2e1486138c844b13d940a1070140ff9341f6ec98b8e9c6, cl-csv-20240127-2d64d41/cl-csv-clsql.asd
cl-csv-data-table, ghcr.io/ocicl/cl-csv@sha256:01600afb8570e45cfd2e1486138c844b13d940a1070140ff9341f6ec98b8e9c6, cl-csv-20240127-2d64d41/cl-csv-data-table.asd
cl-dbi, ghcr.io/ocicl/cl-dbi@sha256:2562e0b2c1ed9eed53113172ec62a564518a8987732862f638584928840f348f, cl-dbi-20240907-8dbd2cc/cl-dbi.asd
cl-fad, ghcr.io/ocicl/cl-fad@sha256:c0aaffc859e419e0a94cedb08f48c2484da404363fb0fe4ffd6e09a80aadafe1, cl-fad-0.7.6/cl-fad.asd
cl-interpol, ghcr.io/ocicl/cl-interpol@sha256:bf02bce744361792150a04310b24a623596b99190a9f85a1c2ebf35f12b2288c, cl-interpol-2.0.7/cl-interpol.asd
cl-json, ghcr.io/ocicl/cl-json@sha256:54c4d00901c2c5b0ea9da11eed8f0104fc5819e1ed9a29d1f3364503a720a868, cl-json-20240907-994dd38/cl-json.asd
cl-postgres_plus_local-time, ghcr.io/ocicl/local-time@sha256:7f53539308b9fdfd32cfd6a632ee25f5c3a4187cf5ef858d33846e6b1e33d3df, local-time-20250427-fea5b15/cl-postgres+local-time.asd
cl-ppcre, ghcr.io/ocicl/cl-ppcre@sha256:bf073924cf4fd5957a4fd961a95d446ed0e53fa32a5002cbd2d52182874f45e5, cl-ppcre-20250606-a2ea581/cl-ppcre.asd
cl-ppcre-unicode, ghcr.io/ocicl/cl-ppcre@sha256:bf073924cf4fd5957a4fd961a95d446ed0e53fa32a5002cbd2d52182874f45e5, cl-ppcre-20250606-a2ea581/cl-ppcre-unicode.asd
cl-reexport, ghcr.io/ocicl/cl-reexport@sha256:c795feb3e3727a19e61797187eb31bac1e855b1332335d26752200a28e9b9da8, cl-reexport-20240503-03ad7a0/cl-reexport.asd
cl-reexport-test, ghcr.io/ocicl/cl-reexport@sha256:c795feb3e3727a19e61797187eb31bac1e855b1332335d26752200a28e9b9da8, cl-reexport-20240503-03ad7a0/cl-reexport-test.asd
cl-unicode, ghcr.io/ocicl/cl-unicode@sha256:d98f12c1271fb3c1812a27d64dfbe95b0bc5bcfd545b71b8101874e61270b120, cl-unicode-20240503-07e7ff5/cl-unicode.asd
cl-utilities, ghcr.io/ocicl/cl-utilities@sha256:e5e0676a4e0627332a0fe64d56ed4f1890f0466d715a11e8d95561b4c2baa38f, cl-utilities-20240503-6b4de39/cl-utilities.asd
cl_plus_ssl, ghcr.io/ocicl/cl_plus_ssl@sha256:c7cc1593354e63ba3466fdd37ef3fefd2a68304542c965976f98d8744bed8f0d, cl-plus-ssl-20250424-38e501f/cl+ssl.asd
cl_plus_ssl.test, ghcr.io/ocicl/cl_plus_ssl@sha256:c7cc1593354e63ba3466fdd37ef3fefd2a68304542c965976f98d8744bed8f0d, cl-plus-ssl-20250424-38e501f/cl+ssl.test.asd
clingon, ghcr.io/ocicl/clingon@sha256:8d9021c0f530b1bbb019c672f64a703112544f489654c89cbe4ce93c60888664, clingon-20240603-f2a730f/clingon.asd
clingon.demo, ghcr.io/ocicl/clingon@sha256:8d9021c0f530b1bbb019c672f64a703112544f489654c89cbe4ce93c60888664, clingon-20240603-f2a730f/clingon.demo.asd
clingon.intro, ghcr.io/ocicl/clingon@sha256:8d9021c0f530b1bbb019c672f64a703112544f489654c89cbe4ce93c60888664, clingon-20240603-f2a730f/clingon.intro.asd
clingon.test, ghcr.io/ocicl/clingon@sha256:8d9021c0f530b1bbb019c672f64a703112544f489654c89cbe4ce93c60888664, clingon-20240603-f2a730f/clingon.test.asd
closer-mop, ghcr.io/ocicl/closer-mop@sha256:82ce314799fd75cbcda36a0b050b7815de6e919efb394a24f0ffe32c9e9c18ea, closer-mop-20250602-2ed3946/closer-mop.asd
clws, ghcr.io/ocicl/clws@sha256:1621f89539857d74dbefb73343973583c9a9b30227363f6247242b7303f493dc, clws-20240503-b20799d/clws.asd
dbd-mysql, ghcr.io/ocicl/cl-dbi@sha256:2562e0b2c1ed9eed53113172ec62a564518a8987732862f638584928840f348f, cl-dbi-20240907-8dbd2cc/dbd-mysql.asd
dbd-postgres, ghcr.io/ocicl/cl-dbi@sha256:2562e0b2c1ed9eed53113172ec62a564518a8987732862f638584928840f348f, cl-dbi-20240907-8dbd2cc/dbd-postgres.asd
dbd-sqlite3, ghcr.io/ocicl/cl-dbi@sha256:2562e0b2c1ed9eed53113172ec62a564518a8987732862f638584928840f348f, cl-dbi-20240907-8dbd2cc/dbd-sqlite3.asd
dbi, ghcr.io/ocicl/cl-dbi@sha256:2562e0b2c1ed9eed53113172ec62a564518a8987732862f638584928840f348f, cl-dbi-20240907-8dbd2cc/dbi.asd
dbi-test, ghcr.io/ocicl/cl-dbi@sha256:2562e0b2c1ed9eed53113172ec62a564518a8987732862f638584928840f348f, cl-dbi-20240907-8dbd2cc/dbi-test.asd
dexador, ghcr.io/ocicl/dexador@sha256:d1e8ca389d304fcab5d05a85015b9b75d98c9aab3618c9e895a12dee278b6122, dexador-20240925-d7ac217/dexador.asd
dexador-test, ghcr.io/ocicl/dexador@sha256:d1e8ca389d304fcab5d05a85015b9b75d98c9aab3618c9e895a12dee278b6122, dexador-20240925-d7ac217/dexador-test.asd
dexador-usocket, ghcr.io/ocicl/dexador@sha256:d1e8ca389d304fcab5d05a85015b9b75d98c9aab3618c9e895a12dee278b6122, dexador-20240925-d7ac217/dexador-usocket.asd
documentation-utils, ghcr.io/ocicl/documentation-utils@sha256:b2a1b3f3bcd1a738af85ae2b0168d408c177661eab6d6bbebb254e394d983f54, documentation-utils-20230511-98630dd/documentation-utils.asd
dref, ghcr.io/ocicl/mgl-pax-bootstrap@sha256:aada4d6954810f471a03fec52c953865af5f382a1f1710f3e2aff44fd29ff41e, mgl-pax-20250613-99929c4/dref/dref.asd
dref-test, ghcr.io/ocicl/mgl-pax-bootstrap@sha256:aada4d6954810f471a03fec52c953865af5f382a1f1710f3e2aff44fd29ff41e, mgl-pax-20250613-99929c4/dref/dref-test.asd
dref-test-package-inferred, ghcr.io/ocicl/mgl-pax-bootstrap@sha256:aada4d6954810f471a03fec52c953865af5f382a1f1710f3e2aff44fd29ff41e, mgl-pax-20250613-99929c4/dref/test/data/dref-test-package-inferred.asd
easy-routes, ghcr.io/ocicl/easy-routes@sha256:b5de62fde267e6ab6f397c8e9a3adf7aa069b617650ace225cb523f7fa404a9d, easy-routes-20250522-4bc58ca/easy-routes.asd
easy-routes_plus_djula, ghcr.io/ocicl/easy-routes@sha256:b5de62fde267e6ab6f397c8e9a3adf7aa069b617650ace225cb523f7fa404a9d, easy-routes-20250522-4bc58ca/easy-routes+djula.asd
easy-routes_plus_errors, ghcr.io/ocicl/easy-routes@sha256:b5de62fde267e6ab6f397c8e9a3adf7aa069b617650ace225cb523f7fa404a9d, easy-routes-20250522-4bc58ca/easy-routes+errors.asd
fast-http, ghcr.io/ocicl/fast-http@sha256:44e98b5239c0ded4921dc0b04ae272cff00583d93797a657543db782979eb50c, fast-http-20240503-2232fc9/fast-http.asd
fast-http-test, ghcr.io/ocicl/fast-http@sha256:44e98b5239c0ded4921dc0b04ae272cff00583d93797a657543db782979eb50c, fast-http-20240503-2232fc9/fast-http-test.asd
fast-io, ghcr.io/ocicl/fast-io@sha256:7ba35a0eddf00b3c25656b3c5a93e95460f6cb8f807afbc04ef4f50076d95aff, fast-io-20240503-a4c5ad6/fast-io.asd
fast-io-test, ghcr.io/ocicl/fast-io@sha256:7ba35a0eddf00b3c25656b3c5a93e95460f6cb8f807afbc04ef4f50076d95aff, fast-io-20240503-a4c5ad6/fast-io-test.asd
flexi-streams, ghcr.io/ocicl/flexi-streams@sha256:95005b06a8a95c82780c75ead53810bcb273d07fcf5fe76b527f1856df9923f2, flexi-streams-20240503-4951d57/flexi-streams.asd
flexi-streams-test, ghcr.io/ocicl/flexi-streams@sha256:95005b06a8a95c82780c75ead53810bcb273d07fcf5fe76b527f1856df9923f2, flexi-streams-20240503-4951d57/flexi-streams-test.asd
global-vars, ghcr.io/ocicl/global-vars@sha256:d197e871c9c9abc4bf31b1186f5fd28f0ca848ebe2e9dddf2d82ecee01dbdc65, global-vars-20240503-c749f32/global-vars.asd
global-vars-test, ghcr.io/ocicl/global-vars@sha256:d197e871c9c9abc4bf31b1186f5fd28f0ca848ebe2e9dddf2d82ecee01dbdc65, global-vars-20240503-c749f32/global-vars-test.asd
hunchentoot, ghcr.io/ocicl/hunchentoot@sha256:1dbccc1f9770d3d8917ef87d71720b4ec7f2d6bebf24a3072afca478b00b4427, hunchentoot-1.3.1/hunchentoot.asd
idna, ghcr.io/ocicl/idna@sha256:b1737dbce42904f75c724350c3e057770c7777f1f5596c6358875dfb2e542eac, idna-20240503-bf789e6/idna.asd
iolib, ghcr.io/ocicl/iolib@sha256:953f1cb142e647da50562d51eca562afc2c5b941b89ae622332b53c7dbed7e1b, iolib-20240503-396cc43/iolib.asd
iolib.asdf, ghcr.io/ocicl/iolib@sha256:953f1cb142e647da50562d51eca562afc2c5b941b89ae622332b53c7dbed7e1b, iolib-20240503-396cc43/iolib.asdf.asd
iolib.base, ghcr.io/ocicl/iolib@sha256:953f1cb142e647da50562d51eca562afc2c5b941b89ae622332b53c7dbed7e1b, iolib-20240503-396cc43/iolib.base.asd
iolib.common-lisp, ghcr.io/ocicl/iolib@sha256:953f1cb142e647da50562d51eca562afc2c5b941b89ae622332b53c7dbed7e1b, iolib-20240503-396cc43/iolib.common-lisp.asd
iolib.conf, ghcr.io/ocicl/iolib@sha256:953f1cb142e647da50562d51eca562afc2c5b941b89ae622332b53c7dbed7e1b, iolib-20240503-396cc43/iolib.conf.asd
iolib.examples, ghcr.io/ocicl/iolib@sha256:953f1cb142e647da50562d51eca562afc2c5b941b89ae622332b53c7dbed7e1b, iolib-20240503-396cc43/iolib.examples.asd
ironclad, ghcr.io/ocicl/ironclad@sha256:3117e5a26a3e94924074c3548c235a2b733609ed61a2731880ac9e31df55428b, ironclad-20240503-6da010f/ironclad.asd
ironclad-text, ghcr.io/ocicl/ironclad@sha256:3117e5a26a3e94924074c3548c235a2b733609ed61a2731880ac9e31df55428b, ironclad-20240503-6da010f/ironclad-text.asd
iterate, ghcr.io/ocicl/iterate@sha256:f4d54a883bb9ca79037c3ea52581c375117a700fc5cb0970c45d1a8473955a5c, iterate-20250224-26cf129/iterate.asd
local-time, ghcr.io/ocicl/local-time@sha256:7f53539308b9fdfd32cfd6a632ee25f5c3a4187cf5ef858d33846e6b1e33d3df, local-time-20250427-fea5b15/local-time.asd
log4cl, ghcr.io/ocicl/log4cl@sha256:bd33f6e5ad346892e852492e7101bc18d263f9ef2ba6192178568d1b20337112, log4cl-20240503-fe3da51/log4cl.asd
log4cl-examples, ghcr.io/ocicl/log4cl@sha256:bd33f6e5ad346892e852492e7101bc18d263f9ef2ba6192178568d1b20337112, log4cl-20240503-fe3da51/log4cl-examples.asd
log4cl.log4slime, ghcr.io/ocicl/log4cl@sha256:bd33f6e5ad346892e852492e7101bc18d263f9ef2ba6192178568d1b20337112, log4cl-20240503-fe3da51/log4cl.log4slime.asd
log4cl.log4sly, ghcr.io/ocicl/log4cl@sha256:bd33f6e5ad346892e852492e7101bc18d263f9ef2ba6192178568d1b20337112, log4cl-20240503-fe3da51/log4cl.log4sly.asd
luckless, ghcr.io/ocicl/luckless@sha256:65507b8c15fe3e191d758992a9ef609c5cb87a6cc3bbe7d04cd1240790fc241d, luckless-20241016-868320e/luckless.asd
luckless-test, ghcr.io/ocicl/luckless@sha256:65507b8c15fe3e191d758992a9ef609c5cb87a6cc3bbe7d04cd1240790fc241d, luckless-20241016-868320e/luckless-test.asd
markup, ghcr.io/ocicl/markup@sha256:4a0e39392bc9dc3b109b39159647a43dcd039ad02f4ac099cd9e2c7c528990ad, markup-20241207-0d094d3/markup.asd
md5, ghcr.io/ocicl/md5@sha256:7d8a8d7af07a2bcbca05ad839555730a0e021c697bf13cc02279669c7a9b038b, md5-2.0.5/md5.asd
mgl-pax, ghcr.io/ocicl/mgl-pax-bootstrap@sha256:aada4d6954810f471a03fec52c953865af5f382a1f1710f3e2aff44fd29ff41e, mgl-pax-20250613-99929c4/mgl-pax.asd
mgl-pax-bootstrap, ghcr.io/ocicl/mgl-pax-bootstrap@sha256:aada4d6954810f471a03fec52c953865af5f382a1f1710f3e2aff44fd29ff41e, mgl-pax-20250613-99929c4/mgl-pax-bootstrap.asd
mgl-pax-test, ghcr.io/ocicl/mgl-pax-bootstrap@sha256:aada4d6954810f471a03fec52c953865af5f382a1f1710f3e2aff44fd29ff41e, mgl-pax-20250613-99929c4/mgl-pax-test.asd
mgl-pax.asdf, ghcr.io/ocicl/mgl-pax-bootstrap@sha256:aada4d6954810f471a03fec52c953865af5f382a1f1710f3e2aff44fd29ff41e, mgl-pax-20250613-99929c4/mgl-pax.asdf.asd
multilang-documentation-utils, ghcr.io/ocicl/documentation-utils@sha256:b2a1b3f3bcd1a738af85ae2b0168d408c177661eab6d6bbebb254e394d983f54, documentation-utils-20230511-98630dd/multilang-documentation-utils.asd
named-readtables, ghcr.io/ocicl/named-readtables@sha256:c6380ffa68acf18ba97ef7b88e84ea174fc5605c8a9b23d80ef2583b44f68017, named-readtables-20250524-8bd0045/named-readtables.asd
named-readtables-test, ghcr.io/ocicl/named-readtables@sha256:c6380ffa68acf18ba97ef7b88e84ea174fc5605c8a9b23d80ef2583b44f68017, named-readtables-20250524-8bd0045/named-readtables-test.asd
proc-parse, ghcr.io/ocicl/proc-parse@sha256:0880f9acb35eb9efbe1f77a981e36e84e8f29a22b14f680c7686eb381fa87bd6, proc-parse-20240503-3afe2b7/proc-parse.asd
proc-parse-test, ghcr.io/ocicl/proc-parse@sha256:0880f9acb35eb9efbe1f77a981e36e84e8f29a22b14f680c7686eb381fa87bd6, proc-parse-20240503-3afe2b7/proc-parse-test.asd
puri, ghcr.io/ocicl/puri@sha256:f6aa091a4d8eb5bdc91466daddc90dadd5b0fcf247370df237a223dc0588f29d, puri-4bbab9/puri.asd
quri, ghcr.io/ocicl/quri@sha256:e2559f91600e4895e115b42dde88fcaac3677f051335d73431888dcf7af99f95, quri-0.7.0/quri.asd
quri-test, ghcr.io/ocicl/quri@sha256:e2559f91600e4895e115b42dde88fcaac3677f051335d73431888dcf7af99f95, quri-0.7.0/quri-test.asd
rfc2388, ghcr.io/ocicl/rfc2388@sha256:4190f6eb36b3b2f53def6eff56b44e76edf4086ada2feb6d88bb671a40fc9f70, rfc2388-20240503-591bcf7/rfc2388.asd
routes, ghcr.io/ocicl/routes@sha256:e64fe3e85f8c0f19ada40f6cbda843f63ee73c705d5c243a2b8730b6308d664e, cl-routes-20240503-1b79e85/routes.asd
rwlock, ghcr.io/ocicl/rwlock@sha256:308f24c8c35cfb3d943856e508e126caf2ccbf43edaa8d9fcd99f475b880b415, cl-rwlock-20250622-83e8be1/rwlock.asd
salza2, ghcr.io/ocicl/salza2@sha256:0f9d930524b469e1442372a6e12b26742d9e6a1144e6a455006943190d1ea71e, salza2-2.1/salza2.asd
sentry-client, ghcr.io/ocicl/sentry-client@sha256:070b6ef2daac6386c607a9cacf3ec05283f1aa0b0d0e36151ddb3e9223bc38f2, cl-sentry-client-20240503-fa64d62/sentry-client.asd
sentry-client.async, ghcr.io/ocicl/sentry-client@sha256:070b6ef2daac6386c607a9cacf3ec05283f1aa0b0d0e36151ddb3e9223bc38f2, cl-sentry-client-20240503-fa64d62/sentry-client.async.asd
sentry-client.hunchentoot, ghcr.io/ocicl/sentry-client@sha256:070b6ef2daac6386c607a9cacf3ec05283f1aa0b0d0e36151ddb3e9223bc38f2, cl-sentry-client-20240503-fa64d62/sentry-client.hunchentoot.asd
slynk, ghcr.io/ocicl/slynk@sha256:8c35d6670ad09411ae9bd37b015137c75a8e8c83bf9f2e1f20a5ad257bdca077, sly-20250523-63131ef9/slynk/slynk.asd
smart-buffer, ghcr.io/ocicl/smart-buffer@sha256:b8d194f5881c415fd7f0099b88dfd9e2158405c2966de15c716b155a364bf0f7, smart-buffer-20240503-619759d/smart-buffer.asd
smart-buffer-test, ghcr.io/ocicl/smart-buffer@sha256:b8d194f5881c415fd7f0099b88dfd9e2158405c2966de15c716b155a364bf0f7, smart-buffer-20240503-619759d/smart-buffer-test.asd
split-sequence, ghcr.io/ocicl/split-sequence@sha256:3a37662eedd99c42995587b9d443c4631f25c4c523091bcca31a27b880585b8e, split-sequence-2.0.1/split-sequence.asd
sqlite, ghcr.io/ocicl/sqlite@sha256:a7f80757e6ee13af06e2eeaeff1e079dba439d85ea5c7f68e262bccc40dcbd5c, cl-sqlite-0.2.1/sqlite.asd
sqlite-tests, ghcr.io/ocicl/sqlite@sha256:a7f80757e6ee13af06e2eeaeff1e079dba439d85ea5c7f68e262bccc40dcbd5c, cl-sqlite-0.2.1/sqlite-tests.asd
static-vectors, ghcr.io/ocicl/static-vectors@sha256:53e11e5689c3dbea6a3017760b55f052588003d774913539930ddc4330a69970, static-vectors-20240624-3d9d89b/static-vectors.asd
str, ghcr.io/ocicl/str@sha256:8ecb476822a10494c1f98d465c55387461ad15969acd869ebe6156328759485e, cl-str-20250423-f2d52f5/str.asd
str.test, ghcr.io/ocicl/str@sha256:8ecb476822a10494c1f98d465c55387461ad15969acd869ebe6156328759485e, cl-str-20250423-f2d52f5/str.test.asd
swank, ghcr.io/ocicl/swank@sha256:1768fad21c1870916727a672174634fc0ba40a187f835015ad8677151d43216a, slime-2.31/swank.asd
swap-bytes, ghcr.io/ocicl/swap-bytes@sha256:06edc17deb0f27cdf6290689711ece670a8282dfd07b732a9adc541af1ce7ed6, swap-bytes-20240503-43ab141/swap-bytes.asd
trivial-backtrace, ghcr.io/ocicl/trivial-backtrace@sha256:89a3138695bb767c50001402fad60dacfc1e867e4e3d3579cc6f636d3e29a51c, trivial-backtrace-20240503-7f90b4a/trivial-backtrace.asd
trivial-backtrace-test, ghcr.io/ocicl/trivial-backtrace@sha256:89a3138695bb767c50001402fad60dacfc1e867e4e3d3579cc6f636d3e29a51c, trivial-backtrace-20240503-7f90b4a/trivial-backtrace-test.asd
trivial-features, ghcr.io/ocicl/trivial-features@sha256:e278e24d39060fc7d3715531b16ddd9ab7f93f22ade53e436c0b86dbae3aa065, trivial-features-1.0/trivial-features.asd
trivial-features-tests, ghcr.io/ocicl/trivial-features@sha256:e278e24d39060fc7d3715531b16ddd9ab7f93f22ade53e436c0b86dbae3aa065, trivial-features-1.0/trivial-features-tests.asd
trivial-garbage, ghcr.io/ocicl/trivial-garbage@sha256:a85dcf4110ad60ae9f6c70970acceb2bf12402ce5326891643d35506059afb1d, trivial-garbage-20240503-3474f64/trivial-garbage.asd
trivial-gray-streams, ghcr.io/ocicl/trivial-gray-streams@sha256:d0cc9fb73876100ee60647524f98b5b22566fa1c3a985d79548b0d2b228f8b51, trivial-gray-streams-20240503-a7ead68/trivial-gray-streams.asd
trivial-gray-streams-test, ghcr.io/ocicl/trivial-gray-streams@sha256:d0cc9fb73876100ee60647524f98b5b22566fa1c3a985d79548b0d2b228f8b51, trivial-gray-streams-20240503-a7ead68/trivial-gray-streams-test.asd
trivial-indent, ghcr.io/ocicl/trivial-indent@sha256:5f091cc5d73652d972dde49f008902167751b94f2e8ea9544301156322ae486a, trivial-indent-20250106-fc7380b/trivial-indent.asd
trivial-mimes, ghcr.io/ocicl/trivial-mimes@sha256:c6a39ce874fffb55993654528a0887dd070a9d349f56d754c5364adb26f53027, trivial-mimes-20250127-01cb46b/trivial-mimes.asd
trivial-utf-8, ghcr.io/ocicl/trivial-utf-8@sha256:014e7fa0edd7f351c8b38c3247e0cdda438235bb8a086bb0f2bac08f78ef400d, trivial-utf-8-20240503-ba9b4ff/trivial-utf-8.asd
uffi, ghcr.io/ocicl/cffi@sha256:386698d4f568be8c321ca8f54247a8bf69222819c116c011d6ae53d80772f611, cffi-20250311-48eaef6/uffi-compat/uffi.asd
usocket, ghcr.io/ocicl/usocket@sha256:015b8cdb91cdc25aefd08054e8ede6a5d054d10bc87916904cf0d0670b3f4a68, usocket-0.8.8/usocket.asd
usocket-server, ghcr.io/ocicl/usocket@sha256:015b8cdb91cdc25aefd08054e8ede6a5d054d10bc87916904cf0d0670b3f4a68, usocket-0.8.8/usocket-server.asd
usocket-test, ghcr.io/ocicl/usocket@sha256:015b8cdb91cdc25aefd08054e8ede6a5d054d10bc87916904cf0d0670b3f4a68, usocket-0.8.8/usocket-test.asd
uuid, ghcr.io/ocicl/uuid@sha256:a32feac67562b09ece6a4d6debc6fefa40009231cd061042bc8939d3fab3c89e, uuid-20240503-f0052f3/uuid.asd
version-string, ghcr.io/ocicl/version-string@sha256:b1ccda976c7ca0a9dae407d53ab1d4005920f66d74ae1d24905c2f92ed11b78e, cl-version-string-20250615-2cff3c1/version-string.asd
winhttp, ghcr.io/ocicl/winhttp@sha256:f4955086d194e6ae1665894da2149dac0ad850d95369f85fdda4d95cd06f3641, winhttp-20240503-8611ba5/winhttp.asd
with-user-abort, ghcr.io/ocicl/with-user-abort@sha256:c19560034f9909a7afb4110b5efd939a9f1e829d9ef9887797b98679f290c480, with-user-abort-20240503-a3db02e/with-user-abort.asd
xsubseq, ghcr.io/ocicl/xsubseq@sha256:7605d14f7cc7fd2f63190ad81fe7bd65daef105d6728ee6bb59baef49da2aa51, xsubseq-20240503-5ce430b/xsubseq.asd
xsubseq-test, ghcr.io/ocicl/xsubseq@sha256:7605d14f7cc7fd2f63190ad81fe7bd65daef105d6728ee6bb59baef49da2aa51, xsubseq-20240503-5ce430b/xsubseq-test.asd
